Property,Value
Directory,/Path/To/Decombinator-Test-Data/
DateFinished,2016_08_26
TimeFinished,17:22:59
TimeTaken(Seconds),37.19
read1,R1.fastq.gz
read2,R2.fastq.gz
index1,I1.fastq.gz
indexlist,Indexes.ndx
extension,fq
threshold,2
outputall,False
dontgzip,True
fuzzylist,False
NumberReadsInput,500000
NumberReadsDemultiplexed,490965
NumberFuzzyDemultiplexed,30155
NumberIndexClash,246

OutputFile,IndexUsed
Test-alpha1,TTAGGCCACTGT
Test-alpha2,TTAGGCATTGGC
Test-beta1,TGACCACACTGT
Test-beta2,TGACCAATTGGC

OutputFile,IndexNumbersUsed(SP1&SP2)
Test-alpha1,3 & 5
Test-alpha2,3 & 6
Test-beta1,4 & 5
Test-beta2,4 & 6

OutputFile,NumberReads
Test-alpha1,107968
Test-alpha2,139281
Test-beta1,101436
Test-beta2,142280
Undetermined,9035

